{"schemaVersion":"1.0","appDefinitionTemplate":{"id":"/providers/Microsoft.PowerApps/apps/","type":"Microsoft.PowerApps/apps","tags":{"primaryDeviceWidth":"640","primaryDeviceHeight":"1136","sienaVersion":"20210326T165016Z-3.21033.41.0","deviceCapabilities":"","supportsPortrait":"true","supportsLandscape":"false","primaryFormFactor":"Phone","publisherVersion":"3.21033.41","minimumRequiredApiVersion":"2.2.0","hasComponent":"false","hasUnlockedComponent":"false","isUnifiedRootApp":"false"},"properties":{"appVersion":"2021-03-26T16:50:16Z","lifeCycleId":"Published","createdByClientVersion":{"major":3,"minor":21033,"build":41,"revision":0,"majorRevision":0,"minorRevision":0},"minClientVersion":{"major":3,"minor":21033,"build":41,"revision":0,"majorRevision":0,"minorRevision":0},"backgroundColor":"rgba(104, 101, 171, 1)","backgroundImageUri":"/9997161006199168991/Nc0885313-d6b1-40bd-84d9-7af094bcf737-logoSmallFile","displayName":"BetterReportingApp","description":"","commitMessage":"","appUris":{"documentUri":{"value":"/9997161006199168991/N99b8d1e2-45f4-40f8-97c7-ac252ec6c458-document.msapp"},"imageUris":[]},"createdTime":"0001-01-01T00:00:00Z","lastModifiedTime":"0001-01-01T00:00:00Z","sharedGroupsCount":0,"sharedUsersCount":0,"icons":{"smallIconUri":"/9997161006199168991/N8804ef2b-6525-4567-8082-afa95376cec0-small.png","mediumIconUri":"/9997161006199168991/N014ff25d-d371-4bfe-8977-53fea7cb03f7-medium.png","largeIconUri":"/9997161006199168991/N1eab7cce-d8ff-4a8e-bcc2-c64770e99518-large.png","wideIconUri":"/9997161006199168991/N0cb0031f-84c9-45d0-aa63-eb9213c6f26a-wide.png"},"connectionReferences":{},"databaseReferences":{},"almMode":"Environment","performanceOptimizationEnabled":true,"canConsumeAppPass":true,"executionRestrictions":{"isTeamsOnly":false,"dataLossPreventionEvaluationResult":{"status":"Compliant","lastEvaluationDate":"2021-03-26T16:11:40.8218707Z","violations":[],"violationsByPolicy":[],"violationErrorMessage":"The app uses the following connectors: ."}}},"isAppComponentLibrary":false,"appType":"ClassicCanvasApp","appComponents":[]}}